<?xml version="1.0" encoding="utf-8"?>
<rss version="2.0" 
    xmlns:dc="http://purl.org/dc/elements/1.1/"
    xmlns:sy="http://purl.org/rss/1.0/modules/syndication/"
    xmlns:admin="http://webns.net/mvcb/"
    xmlns:rdf="http://www.w3.org/1999/02/22-rdf-syntax-ns#"
    xmlns:content="http://purl.org/rss/1.0/modules/content/"
	xmlns:itunes="http://www.itunes.com/dtds/podcast-1.0.dtd">
	<channel>
<title>iSounds News</title><link>http://isounds.tk/index.html</link><description>Hot news from iSounds</description><dc:language>en</dc:language><dc:creator>Vladislav Korotnev</dc:creator><dc:rights>&#xa9; 2011 Vladislav Korotnev</dc:rights><dc:date>2013-01-18T20:53:09+06:00</dc:date><admin:generatorAgent rdf:resource="http://www.realmacsoftware.com/" />
<sy:updatePeriod>hourly</sy:updatePeriod>
<sy:updateFrequency>1</sy:updateFrequency>
<sy:updateBase>2000-01-01T12:00+00:00</sy:updateBase>
<lastBuildDate>Fri, 18 Jan 2013 20:53:29 +0600</lastBuildDate><item><title>is0unds.tk no longer with us</title><dc:creator>Vladislav Korotnev</dc:creator><dc:subject>News &#x26; updates</dc:subject><dc:date>2013-01-18T20:53:09+06:00</dc:date><link>http://isounds.tk/blog/files/4e5513da5eb95191039906625eef19e9-5.html#unique-entry-id-5</link><guid isPermaLink="true">http://isounds.tk/blog/files/4e5513da5eb95191039906625eef19e9-5.html#unique-entry-id-5</guid><content:encoded><![CDATA[The site will stay on isounds.tk from now on!]]></content:encoded></item><item><title>New Video =)</title><dc:creator>Vladislav Korotnev</dc:creator><dc:subject>News &#x26; updates</dc:subject><dc:date>2012-02-18T18:42:28+06:00</dc:date><link>http://isounds.tk/blog/files/0ace20419481ea9012d53d1fc4f9316e-4.html#unique-entry-id-4</link><guid isPermaLink="true">http://isounds.tk/blog/files/0ace20419481ea9012d53d1fc4f9316e-4.html#unique-entry-id-4</guid><content:encoded><![CDATA[<p style="text-align:center;">Watch here: <a href="http://www.youtube.com/watch?v=viCteCAfmbk">http://www.youtube.com/watch?v=viCteCAfmbk</a></p>]]></content:encoded></item><item><title>Resubmitted&#x2c; finally</title><dc:creator>Vladislav Korotnev</dc:creator><dc:subject>News &#x26; updates</dc:subject><dc:date>2012-02-18T18:41:37+06:00</dc:date><link>http://isounds.tk/blog/files/7581261e589cf10f4a77009ceef3bd10-3.html#unique-entry-id-3</link><guid isPermaLink="true">http://isounds.tk/blog/files/7581261e589cf10f4a77009ceef3bd10-3.html#unique-entry-id-3</guid><content:encoded><![CDATA[<p style="text-align:center;">Resubmitted iSounds to The BigBoss repo once again.</p>]]></content:encoded></item><item><title>A new feature</title><dc:creator>Vladislav Korotnev</dc:creator><dc:subject>News &#x26; updates</dc:subject><dc:date>2011-12-06T19:34:16+06:00</dc:date><link>http://isounds.tk/blog/files/f088a1db3ac60ca79b24769f76973a79-2.html#unique-entry-id-2</link><guid isPermaLink="true">http://isounds.tk/blog/files/f088a1db3ac60ca79b24769f76973a79-2.html#unique-entry-id-2</guid><content:encoded><![CDATA[<p style="text-align:center;">I have added a new feature that will allow you to combine multiple sound sets into a single one :)<br /><br /><img class="imageStyle" alt="Pasted Graphic" src="http://isounds.tk/blog/files/pasted-graphic.jpg" width="319" height="478" /></p>]]></content:encoded></item><item><title>iSounds &#x22;TV ads&#x22;</title><dc:creator>Vladislav Korotnev</dc:creator><dc:subject>News &#x26; updates</dc:subject><dc:date>2011-11-09T23:44:12+06:00</dc:date><link>http://isounds.tk/blog/files/0f5a8a722a25e5a22628eeabe1bca9ef-1.html#unique-entry-id-1</link><guid isPermaLink="true">http://isounds.tk/blog/files/0f5a8a722a25e5a22628eeabe1bca9ef-1.html#unique-entry-id-1</guid><content:encoded><![CDATA[I&rsquo;ve just filmed some nice iSounds TV ads :) Watch under the break]]></content:encoded></item><item><title>iSounds website</title><dc:creator>Vladislav Korotnev</dc:creator><dc:subject>News &#x26; updates</dc:subject><dc:date>2011-11-09T23:06:06+06:00</dc:date><link>http://isounds.tk/blog/files/1f0137987e39b241a8cda5ff6dc21643-0.html#unique-entry-id-0</link><guid isPermaLink="true">http://isounds.tk/blog/files/1f0137987e39b241a8cda5ff6dc21643-0.html#unique-entry-id-0</guid><content:encoded><![CDATA[Hello!<br />This is a new website for my iOS tweak project, iSounds.<br />It is hosted by the awesome <a href="http://ig33kstas.com" rel="external" title="The awesome iG33kstas!">iG33kstas</a>!<br />Expect more content here soon.<br /><br />Thanks!<br />~ Vladislav Korotnev]]></content:encoded></item></channel>
</rss>